ci	TestAdminConsoleFindsAuthKit	10.8
ci	TestCatalogApplicationSyncsMetersAndRateCards	7.6
ci	TestCatalogEnsureIsIdempotent	5.7
ci	TestCheckoutReplayAndEntitlementAccess	7.2
ci	TestCheckoutSessionResolvesStoredMerchant	12.7
ci	TestControlPlaneBrowserSessionUsesRefreshCookie	8.2
ci	TestControlPlaneOperatorPaths	11.2
ci	TestControlPlaneRequiresAnEnrollableSecondFactor	9.3
ci	TestCustomerCreditsAdmissionsAndUsage	9.4
ci	TestEmbeddedHostMountsAdminConsole	9.3
ci	TestExactIntegerMoneyBoundaries	0.8
ci	TestFreshBootstrapAndReplay	7.8
ci	TestHostOwnedRiverNamesTheMissingMigration	7.5
ci	TestHostUserMerchantListingUsesLiveSessionAndMembership	16.5
ci	TestHTTPFeatureRateLimitsAreSharedAcrossMounts	5.5
ci	TestMerchantCatalogAndCustomerIsolation	6.6
ci	TestMerchantCreationRoute	10.0
ci	TestMerchantCredentialsActAsTheirSession	8.8
ci	TestMerchantIssuerIsTrustedWithinItsGroup	20.9
ci	TestMerchantNamesAreOwnedByOpenRails	9.1
ci	TestMerchantRenameRoute	11.7
ci	TestMerchantRolePermissionsInTheRunningCatalog	13.3
ci	TestMigrateHandsTheSchemaToItsOwner	7.5
ci	TestMoneyJSONPreservesInt64	0.8
ci	TestOptionalProvidersNeverBlockBoot	8.1
ci	TestPartitionedIdentitiesAndWriteBounds	6.3
ci	TestPartitionedReadsPruneToTheirMonths	8.7
ci	TestPartitionsAreCreatedAheadAndDroppedByTheCalendar	6.7
ci	TestProviderWriteAndCostObservationRetention	7.5
ci	TestPurchasedCreditAccounting	8.4
ci	TestPurchasedCreditsFreezeBenefitsAndRemainRepeatable	6.5
ci	TestRescuerSurvivesItsOwnInterruptedJob	6.3
ci	TestRetentionDeletesOnlyRowsPastTheirPeriod	6.4
ci	TestRuntimePartitionsBelongToTheSchemaOwner	7.1
ci	TestSchemaSnapshot	2.7
ci	TestSecurityAPIHostNeedsProofOfControl	11.8
ci	TestSecurityOwnerOperationsNeedRecentSignIn	13.0
ci	TestSecurityRefundedPurchaseIsNotRegranted	7.4
ci	TestSecuritySupportCannotMintCredit	9.7
ci	TestSecurityTeamEmailGrantsOnlyAVerifiedAccount	13.9
ci	TestStandaloneAdminConsolePath	8.9
ci	TestStandaloneBootNeverWaitsOnVaultAndFailsClosedOnKeyChange	7.5
ci	TestStoredSolanaIdentityServesWhileVaultIsDown	9.1
ci	TestStripeWebhookReplayAndReorderingConverges	6.7
ci	TestTransitKeyChangeFailsClosedUntilApproved	11.4
ci	TestUserMerchantsListing	11.9
idempotency	TestBeginRaceHasOneWinner	5.6
idempotency	TestExpiryAndGC	4.4
idempotency	TestFailThenRetry	4.2
idempotency	TestHoldCancelsBeforeTheLeaseLapses	6.3
idempotency	TestKeysAreScopedByMerchantAndOperation	5.1
idempotency	TestPinnedTransactionIsNeverJoined	5.2
idempotency	TestPoolWorkReusesThePinAndNeverHangs	10.3
idempotency	TestReplayAfterComplete	4.8
idempotency	TestStaleProcessing	12.2
idempotency	TestTokenSurvivesCollection	4.4
idempotency	TestWebhookDedupeAcrossReplicas	5.3
idempotency	TestWebhookDuplicatesLeaveRenewalsAlone	7.5
idempotency	TestWebhookMarkRollsBackADuplicateTransaction	6.4
idempotency	TestWebhookOwnerLosingItsLeaseNeverApplies	4.1
subscriptions	TestAttemptAndCycleReads	7.5
subscriptions	TestBillingArchiveClassifiesLifecycleColumns	5.3
subscriptions	TestBillingArchiveKeepsPreCutDeclineRecords	6.6
subscriptions	TestBillingArchivePreservesApplicationMetadata	16.0
subscriptions	TestBillingArchiveWaitsForALiveClaim	5.1
subscriptions	TestBillingRestoreTargetUsesDestinationAuthority	7.0
subscriptions	TestBrowserCardEntryRefusesCards	4.4
subscriptions	TestCadenceMetrics	9.0
subscriptions	TestCadenceNoticeText	0.8
subscriptions	TestCadencePriceKeys	6.3
subscriptions	TestCadenceRenewalReceipts	42.0
subscriptions	TestCatalogApplicationContentReplay	7.0
subscriptions	TestCatalogArchivedVersionKeepsProviderBindings	6.8
subscriptions	TestCatalogArchivePreservesAppliedHashesAndPriceRevisions	26.7
subscriptions	TestCatalogBenefitsRemainAcceptedOnReactivation	18.6
subscriptions	TestCatalogBenefitsRemainAcceptedOnRenewal	13.8
subscriptions	TestCatalogConcurrentPriceVersions	6.0
subscriptions	TestCatalogCreditEvolution	6.5
subscriptions	TestCatalogDurationCreatePriceAPIContract	8.0
subscriptions	TestCatalogDurationHumanAPIContract	6.7
subscriptions	TestCatalogDurationInvalidAPIContract	5.8
subscriptions	TestCatalogImmutableDatabaseRows	6.4
subscriptions	TestCatalogOneShapePerNoun	6.2
subscriptions	TestCatalogPatchSemantics	5.5
subscriptions	TestCatalogPendingBenefitsRemainAcceptedOnFirstPayment	16.1
subscriptions	TestCatalogProductRevisionTracksMutableFields	6.8
subscriptions	TestCatalogProductScopedPriceVersions	8.5
subscriptions	TestCatalogRefusesPriceNoRailCanSell	5.2
subscriptions	TestCatalogRepriceStaysWithinProduct	7.3
subscriptions	TestCatalogSnapshotPreservesPurchasedArchivedIdentities	20.5
subscriptions	TestCatalogYAMLDumpRoundTrip	14.0
subscriptions	TestCCBillDataLinkNeverGrantsAccess	5.4
subscriptions	TestCCBillDataLinkRebillTakesSubscriptionCurrency	6.8
subscriptions	TestCCBillDatesAreNotPayment	5.2
subscriptions	TestCCBillDeclineCannotResurrectAChargeback	13.9
subscriptions	TestCCBillExpiryRacingRenewal	15.1
subscriptions	TestCCBillFailedRebillCancelQueuesNothing	7.5
subscriptions	TestCCBillNeverSellsNewSubscriptions	6.0
subscriptions	TestCCBillNewSaleIsRefused	6.4
subscriptions	TestCCBillRenewalAfterRefundIsRefundReview	6.1
subscriptions	TestCCBillRetainedCohortWebhooks	100.9
subscriptions	TestCCBillReversalStopsCCBillBilling	8.4
subscriptions	TestChargeRequiresExplicitPaymentMethod	7.8
subscriptions	TestCheckoutBeyondPoolSizeCompletes	8.0
subscriptions	TestPublicConfigDegradesOnePSP	6.5
subscriptions	TestCheckoutCoverageIsOneQuery	7.0
subscriptions	TestCheckoutOffersSolanaWhenConfigured	7.9
subscriptions	TestCheckoutOmitsSolanaWhenNotConfigured	6.7
subscriptions	TestCheckoutOrderRenewalAPIContract	6.6
subscriptions	TestCheckoutSessionPaysWithAStripeElementsCard	6.3
subscriptions	TestCLIPullNMIDeclineEndsOnce	7.9
subscriptions	TestCollectionPaymentMethod	7.7
subscriptions	TestConvergeDetectsWithoutDeciding	10.3
subscriptions	TestCopiedStripeBookReadsAgedObligationBeforeFirstSubmission	9.2
subscriptions	TestCopiedStripeBookRecoversAgedLostReplyWithoutResend	13.7
subscriptions	TestCopiedStripeBookRefusesConflictingRenewalTerms	8.7
subscriptions	TestCopiedStripeBookRefusesStaleAttemptAfterSuccessfulRetry	11.8
subscriptions	TestCopiedStripeBooksRenewConcurrently	11.3
subscriptions	TestCreditDepositAttemptIdempotency	7.6
subscriptions	TestCriticalFindingEmailsThroughTheOneSender	7.4
subscriptions	TestCustodianCardRoutesPerCharge	6.5
subscriptions	TestCustomerInvoiceProfile	6.2
subscriptions	TestDeclaredCatalog	6.3
subscriptions	TestDeclaredCatalogAwaitsItsProvider	7.3
subscriptions	TestDeclaredCatalogPartialArchiveAndRestoreVersions	8.5
subscriptions	TestDeclaredMerchantSettings	6.5
subscriptions	TestDeclineMetrics	9.6
subscriptions	TestDunningAccessPolicy	9.3
subscriptions	TestDunningCaseKeepsItsPolicy	8.2
subscriptions	TestDunningScheduleParity	12.7
subscriptions	TestDunningStallResumesOnSchedule	7.2
subscriptions	TestDuplicateChargeFindings	43.3
subscriptions	TestDurationAccessExpiresBeforeNextBill	12.9
subscriptions	TestDurationAccessSurvivesCancellation	42.6
subscriptions	TestDurationDowngradePreservesLongerPaidBenefit	23.0
subscriptions	TestDurationHistoricalArchiveRetainsBillingAndPaidGrants	36.9
subscriptions	TestDurationOrderCanDisableRenewalAtCreation	17.7
subscriptions	TestDurationOrderWithoutRenewalRefusesUnsupportedTrialBeforeCharge	10.7
subscriptions	TestEmbeddedRequiresWriteMode	0.8
subscriptions	TestEngineAbandonedAuthenticationReleases	11.0
subscriptions	TestEngineAccountDeletionCancels	44.7
subscriptions	TestEngineCadenceAccessEndsWithTheAllowance	52.1
subscriptions	TestEngineCadenceFirstDecline	30.8
subscriptions	TestEngineCadenceRenewalAuthenticationIsBounded	41.6
subscriptions	TestEngineCancelAndResume	55.4
subscriptions	TestEngineCardReplacement	49.2
subscriptions	TestEngineCrashDurability	53.2
subscriptions	TestEngineDeclinePolicy	77.2
subscriptions	TestEngineDuePassIsolatesRefusals	27.5
subscriptions	TestEngineHappyRenewals	24.5
subscriptions	TestEngineHeldRebillIsMissed	11.9
subscriptions	TestEngineInitialDeclineResolves	18.9
subscriptions	TestEngineLostSubmission	42.5
subscriptions	TestEngineNMIDuplicateRefusal	23.8
subscriptions	TestEngineNMIEarlierDeclineCannotReleaseLaterAttempt	17.2
subscriptions	TestEngineNMIExpiredPeriodStillRecoversPaidReceipt	16.1
subscriptions	TestEngineNMIFirstAttemptFindsRemoteObligation	20.3
subscriptions	TestEngineNMIFirstAttemptWaitsForOrderLookup	24.1
subscriptions	TestEngineNMIHiddenChargeNeverResubmitted	12.7
subscriptions	TestEngineNMIHiddenChargeWithDuplicateChecking	17.9
subscriptions	TestEngineNMIKnownPreDispatchFailureRecovers	23.6
subscriptions	TestEngineNMILostSubmissionVaultActivity	13.7
subscriptions	TestEngineNMISharedOrderFindsEarlierCharge	11.5
subscriptions	TestEngineNMIWholePeriodOutageNeverStartsFreshCharge	20.6
subscriptions	TestEngineRebillAttempts	20.8
subscriptions	TestEngineRebillCustomerRetry	12.8
subscriptions	TestEngineRenewalAuthenticationAbandoned	12.8
subscriptions	TestEngineRenewalPostures	18.7
subscriptions	TestEngineRenewalRefunds	63.9
subscriptions	TestEngineRenewalRunsOnItsOwnSchedule	14.3
subscriptions	TestEngineRepricing	18.9
subscriptions	TestEngineTierDowngrade	19.4
subscriptions	TestEngineTierUpgrade	29.9
subscriptions	TestEngineTierUpgradeAuthentication	10.8
subscriptions	TestEngineTierUpgradeDecline	15.5
subscriptions	TestEngineTierUpgradeDuplicateRefused	17.7
subscriptions	TestEngineTransientDeclineLadder	21.2
subscriptions	TestEntitlementListCatalogAPI	10.4
subscriptions	TestEntitlementListsKeepAcceptedPurchaseBenefits	11.3
subscriptions	TestEntitlementsHistoricalArchiveRetainsTimedPurchase	42.0
subscriptions	TestHeldRenewalKeepsAccess	15.3
subscriptions	TestHostedCheckoutAccountState	6.9
subscriptions	TestHostedCheckoutAcrossHosts	10.1
subscriptions	TestHostedCheckoutClientMintAndSavedCard	12.6
subscriptions	TestHostedCheckoutDeclineThenRetry	15.1
subscriptions	TestHostedCheckoutEmbedOrigins	7.0
subscriptions	TestHostedCheckoutExpiryAndUnknownIDs	9.4
subscriptions	TestHostedCheckoutServerCardEntry	12.6
subscriptions	TestHostedCheckoutSingleSite	11.9
subscriptions	TestHostedCreditDepositSnapshot	6.1
subscriptions	TestHostedNewCardOneTimeSale	6.0
subscriptions	TestHostedNewCardSecurityCodeMismatch	8.3
subscriptions	TestHostedNewCardSubscription	12.1
subscriptions	TestHostedNewCardSubscriptionDeclined	7.1
subscriptions	TestHostedSavedCardSubscription	9.4
subscriptions	TestHumanAmountCatalogUsesExactCurrencyNativeUnits	9.0
subscriptions	TestHumanAmountInvalidInputCannotMutateCatalog	7.4
subscriptions	TestHumanAmountSolanaPayRecordsNativeDenomination	95.8
subscriptions	TestInvoiceCollectionAttempts	6.4
subscriptions	TestInvoiceMonthlyCadenceSerializesReplicas	10.8
subscriptions	TestInvoiceRemittanceReplay	33.6
subscriptions	TestInvoiceReplicasFinalizeOnePeriodWithoutError	6.7
subscriptions	TestLegacyImportConvergesAtCommit	5.2
subscriptions	TestLegacyImportRaisesNoFindings	9.4
subscriptions	TestLegacyNMIBookImport	12.3
subscriptions	TestLegacyNMICancel	52.5
subscriptions	TestLegacyNMICardUpdate	9.9
subscriptions	TestLegacyNMICoexistsWithEngine	15.3
subscriptions	TestLegacyNMIDrift	14.4
subscriptions	TestLegacyNMIImportDerivesAccess	10.5
subscriptions	TestLegacyNMIImportVerifiesInBulk	76.4
subscriptions	TestLegacyNMIMemberCancelsTheNamedSubscription	10.2
subscriptions	TestLegacyNMIMirrorOutOfOrder	16.0
subscriptions	TestLegacyNMIMirrorPull	13.3
subscriptions	TestLegacyNMIMirrorPullKeepsDecline	13.0
subscriptions	TestLegacyNMIMirrorWebhooks	14.8
subscriptions	TestLegacyNMIRefreshPSPs	17.1
subscriptions	TestLegacyNMIRefund	19.8
subscriptions	TestLegacyNMIRefundRevokeEndsMembership	11.4
subscriptions	TestLegacyNMITierChange	22.0
subscriptions	TestLegacyNMITierChangeCrossCadenceRefused	11.1
subscriptions	TestLegacyNMITierChangeCustomSchedule	17.9
subscriptions	TestLegacyNMITierChangeReplicaRace	12.7
subscriptions	TestLegacyNMITierChangeRequiresLinkedPlan	12.9
subscriptions	TestLegacyNMITierChangeStuckNamedPlanRecovers	11.2
subscriptions	TestLegacyNMITierUpgradeDeclined	15.0
subscriptions	TestLegacyNMITierUpgradeDuplicateRefused	13.1
subscriptions	TestLegacyNMITierUpgradeLostDuplicateSettles	13.7
subscriptions	TestLegacyNMITierUpgradeScheduleUpdateRetried	10.2
subscriptions	TestLegacyNMIZeroEngineCharges	43.7
subscriptions	TestLifecycleDecisionsAreAudited	10.9
subscriptions	TestListOffersIsOneRequest	9.2
subscriptions	TestListReadsAreBatched	11.8
subscriptions	TestMerchantDunningPolicy	19.6
subscriptions	TestMerchantHandsOverACheckoutSession	9.7
subscriptions	TestMetersAndRateOverrides	10.9
subscriptions	TestMonthlyInvoicesCoverActivePayersOnly	7.4
subscriptions	TestNewCardAttemptsCardAddAndSale	19.3
subscriptions	TestNewCardAttemptsFatFinger	8.7
subscriptions	TestNewCardAttemptsReplacement	6.1
subscriptions	TestNewCardAttemptsSaleDeclined	7.4
subscriptions	TestNMIAccountUpdaterContactCustomer	13.2
subscriptions	TestNMIAccountUpdaterRecoversBothOwners	21.5
subscriptions	TestNMIAttemptedRebillIsNeverCollected	16.3
subscriptions	TestNMIAttemptEnrichment	9.3
subscriptions	TestNMIAttemptNetworkToken	8.4
subscriptions	TestNMICardSaveDuplicateRefused	7.9
subscriptions	TestNMIDeclineDiscoveredLateIsDunned	6.8
subscriptions	TestNMIDeclineHistory	11.9
subscriptions	TestNMIDeclineReport	11.7
subscriptions	TestNMIFiveDayRestartRecovery	50.2
subscriptions	TestNMIInPlaceCardReplacementWithoutBrand	7.4
subscriptions	TestNMIInPlaceReplacementEstablishesAgreement	11.6
subscriptions	TestNMIInvoiceAcceptedBeforeFiveDayRestart	13.2
subscriptions	TestNMIInvoiceFiveDayStartupRecovery	42.6
subscriptions	TestNMIInvoiceReplicaCrashAfterProviderCommit	29.1
subscriptions	TestNMIInvoiceReplicasAmbiguousFiveDayRestart	12.0
subscriptions	TestNMIInvoiceReplicasCollectRemainingAmountOnce	19.3
subscriptions	TestNMIProviderDunningImportRetainsRetryHistory	6.0
subscriptions	TestNMIProviderDunningLapseWithoutDeclineNeverCharged	7.8
subscriptions	TestNMIProviderScheduleOpenRailsDunning	15.1
subscriptions	TestNMIPullIgnoresRowsCreatedDuringTheFetch	9.9
subscriptions	TestNMIRecoveryDuplicateRefusalIsNotResent	15.4
subscriptions	TestNMIRecoveryWorkerProcess	0.8
subscriptions	TestNMIRefreshRacingCardSave	13.1
subscriptions	TestNMIRenewalThenDeclineDunsTheUnpaidPeriod	7.5
subscriptions	TestNMISavedCardRecurringAgreement	8.1
subscriptions	TestNMISavedCardVerificationRefused	5.8
subscriptions	TestNMIScheduleDeclinePolicy	22.6
subscriptions	TestNMIScheduleLostWebhookFoundByPull	7.6
subscriptions	TestNMIScheduleRebillAttempts	9.9
subscriptions	TestNMIScheduleSkippedRebillIsCollected	7.1
subscriptions	TestNMISkippedRebillGuards	20.1
subscriptions	TestNMIStaleRosterDateInsidePaidPeriod	9.5
subscriptions	TestNMIVoidedRenewalIsNoPayment	6.7
subscriptions	TestNMIYenReversalsAreReadInYen	6.6
subscriptions	TestOffChannelPaymentIdempotency	11.4
subscriptions	TestOfflineBillingHandoff	122.7
subscriptions	TestOneTimeAbandonedAuthenticationReleases	6.7
subscriptions	TestOperationalAlertsLandInTheMerchantInbox	6.1
subscriptions	TestOversizedIdempotencyKeyIsInvalid	10.5
subscriptions	TestPaymentAttemptRetention	10.8
subscriptions	TestPaymentHealthAlerts	5.3
subscriptions	TestPaymentListsPageByCursor	6.6
subscriptions	TestProviderDashboardRefundAccessPolicy	47.7
subscriptions	TestProviderDunningAccessSuspend	9.6
subscriptions	TestProviderOwnedLifecycle	61.6
subscriptions	TestProviderOwnedRenewals	11.2
subscriptions	TestPurchasedCreditArchivePreservesDepositsAndReversals	76.4
subscriptions	TestRebillFailureSpikeAlerts	9.2
subscriptions	TestRenewalNeverFallsBackToAnotherCard	11.2
subscriptions	TestReplicasAdmissionRace	14.9
subscriptions	TestReplicasCancelRacesRenewal	37.7
subscriptions	TestReplicasCheckoutFrozenOwnerRefusedAtCommit	12.1
subscriptions	TestReplicasCheckoutIdempotency	22.8
subscriptions	TestReplicasCheckoutLeaseLapse	10.6
subscriptions	TestReplicasClockSkew	20.9
subscriptions	TestReplicasCrashMidRenewal	76.1
subscriptions	TestReplicasDunningRetryRace	19.9
subscriptions	TestReplicasFailpointInterleavings	44.3
subscriptions	TestReplicasLeaderCrash	26.5
subscriptions	TestReplicasManyDueAtOnce	23.0
subscriptions	TestReplicasNoticeDuringFinalize	18.4
subscriptions	TestReplicasProviderOwned	20.9
subscriptions	TestReplicasRollingDeploy	23.5
subscriptions	TestReplicasSettledBeforeAdmission	20.6
subscriptions	TestReplicasShortLeaseSendsNothing	20.6
subscriptions	TestReplicasStalledExecutorSendsNothing	16.3
subscriptions	TestReplicasStalledHeartbeatLeavesOthersLease	15.0
subscriptions	TestRepriceBatches	20.9
subscriptions	TestSecurityAutomationCredentialCannotCharge	14.1
subscriptions	TestSecurityCardAttackModeIsPerMerchant	22.4
subscriptions	TestSecurityCardAttackModeWithoutCaptcha	18.9
subscriptions	TestSecurityCardTestingIsThrottled	15.4
subscriptions	TestSecurityCardTestingLedgerAcrossReplicas	19.2
subscriptions	TestSecurityCardTestingThroughTheHost	18.6
subscriptions	TestSecurityCCBillPeriodEndsAreBounded	17.2
subscriptions	TestSecurityCheckoutReturnURLsStayOnHost	12.5
subscriptions	TestSecurityCheckoutTermsAreServerSide	13.3
subscriptions	TestSecurityConcurrentConfirmChargesOnce	10.0
subscriptions	TestSecurityConcurrentPermanentPurchaseChargesOnce	14.3
subscriptions	TestSecurityConcurrentRefundsNeverExceedPayment	16.7
subscriptions	TestSecurityConcurrentUpgradesChargeOnce	11.5
subscriptions	TestSecurityCustomerCannotActOnAnotherCustomer	14.7
subscriptions	TestSecurityFindingOverrideCannotRetarget	12.9
subscriptions	TestSecurityForeignIDsLookMissing	17.4
subscriptions	TestSecurityForwardedForReadsEveryLine	8.0
subscriptions	TestSecurityMerchantIsolation	10.9
subscriptions	TestSecurityNMIChargebackRevokesOneTimePurchase	11.0
subscriptions	TestSecurityProviderAccountClaimsNeedProof	16.3
subscriptions	TestSecurityProviderConfigurationSafety	9.4
subscriptions	TestSecurityRefundNoticeDuringOwnRefundCountsOnce	19.1
subscriptions	TestSecurityRevokedAccessStaysRevoked	11.7
subscriptions	TestSecurityRotatedWebhookSecretExpires	19.2
subscriptions	TestSecurityStaleSignInReachesNoOwnerOperation	7.6
subscriptions	TestSecurityStripeDisputeOrdering	17.1
subscriptions	TestSecurityTierChangeKeysAreCustomerScoped	12.5
subscriptions	TestSecurityTierChangeStaysInGroup	19.5
subscriptions	TestSecurityWebhookAuthenticity	11.7
subscriptions	TestSecurityWebhookResponsesRevealNoAccounts	15.5
subscriptions	TestServerCardEntryAdmitsOnlyTheCardField	9.4
subscriptions	TestServerCardEntryIsAdvertised	14.6
subscriptions	TestServerCardEntryLeavesNoCardAtRest	12.7
subscriptions	TestServerCardEntryRemovesAVaultThatSurfacesLate	9.5
subscriptions	TestServerCardEntrySettlesALostAnswerByReadingTheGateway	8.3
subscriptions	TestSolanaPayAmountIsWhatTheRecipientReceived	20.7
subscriptions	TestSolanaPayAmountMismatch	7.4
subscriptions	TestSolanaPayConcurrentConfirmationsCreditOnce	13.3
subscriptions	TestSolanaPayCreditsOnlyFinalized	54.8
subscriptions	TestSolanaPayDroppedReadDoesNotSkipHistory	22.8
subscriptions	TestSolanaPayGCKeepsAnUnfinishedWalk	7.2
subscriptions	TestSolanaPayGCRemovesOnlySettledRows	11.0
subscriptions	TestSolanaPayHoldsTheBillingArchive	13.0
subscriptions	TestSolanaPayLatePaymentIsFlagged	11.4
subscriptions	TestSolanaPayOffersOneTransactionPerAttempt	8.0
subscriptions	TestSolanaPayOneTransferCreditsOneCheckout	8.8
subscriptions	TestSolanaPayPendingSurvivesRestart	7.5
subscriptions	TestSolanaPayPoisonedReferenceStillCredits	10.9
subscriptions	TestSolanaPayRefusesTransferHookForTransactionRequest	8.3
subscriptions	TestSolanaPayRetryAfterFailedAttempt	5.9
subscriptions	TestSolanaPaySecondTransferIsFlagged	6.0
subscriptions	TestSolanaPayToken2022	7.6
subscriptions	TestSolanaPayToken2022TransferFee	7.8
subscriptions	TestSolanaPayVersionedTransactionCredited	6.7
subscriptions	TestSolanaPayWalkReadsTheWholeHistory	13.4
subscriptions	TestSolanaRefusedPullRecordedOnce	16.3
subscriptions	TestSolanaSubscriptionActivatesOnlyOnItsFirstPayment	15.3
subscriptions	TestSolanaTierChangeStaysInGroupAndPaysForMore	15.0
subscriptions	TestStaleSubscriptionImageNeverReverts	7.5
subscriptions	TestStripeCardSetupReadsAsAnAttempt	6.8
subscriptions	TestStripeEventMidConvergeIsNotLost	16.6
subscriptions	TestStripeMerchantCancelIsDurable	8.3
subscriptions	TestStripeOwnedAccessFollowsStripe	11.5
subscriptions	TestStripePortalUpgradeNeedsPayment	6.9
subscriptions	TestStripePortalUpgradePaidProrationIsRecorded	5.4
subscriptions	TestStripeRevokeStopsStripeBilling	9.1
subscriptions	TestStripeSimulatorCachesDeclinesAndKeepsReadback	0.8
subscriptions	TestStripeSimulatorDoesNotCacheValidationFailure	0.9
subscriptions	TestStripeSimulatorIdempotencyBoundary	0.8
subscriptions	TestSubscriptionWithLifecycleAuditIsNeverDeleted	8.9
subscriptions	TestTierGroupOnLiveProduct	8.2
subscriptions	TestTinyBookCancellationConverges	5.8
subscriptions	TestUnknownCadenceFailsClosed	6.6
subscriptions	TestUnverifiedAfterWebhookIsReadAtOnce	11.6
subscriptions	TestUpgradeProrationAcrossCadences	13.5
subscriptions	TestUpgradeProrationHourlyQuotes	6.0
subscriptions	TestUpgradeProrationRefusals	6.2
subscriptions	TestWebhookSilenceAlerts	7.4
